timestamp_utc,order_date,status,row_count,file_size_bytes,sha256,error_message,sort_date
2026-07-28 16:37:39.119646+00:00,2026-07-12,success,104.0,6375.0,de84c9cecf40cdc6b9cac3bb5c42a3a0c3d4b53a09091e68baac07804b00985c,,2026-07-12
2026-08-04T23:53:52.104351+00:00,2026-07-12,success,104,6270,5399fe4c6c2282725c7bd4d61ab69a51513160cf6a4ad223d6b41a7e5b3375fa,,2026-07-12
2026-08-04T23:53:52.105795+00:00,2026-07-14,success,128,7664,0921d693b62bbe2ba21b709b18a93606ccf0089246274c25a261765c913c1454,,2026-07-14
2026-08-04T23:53:52.106426+00:00,2026-07-15,success,134,8022,ba86842bff4cdbc2d7f02842b15cf48fb1ef016fc07f0251e22bed66742fcde8,,2026-07-15
2026-08-04T23:53:52.106970+00:00,2026-07-16,success,112,6648,17288137b0a4747c7e52262df205b9251dce08ec804a31eeaa1cecbf2ead2f49,,2026-07-16
2026-08-04T23:53:52.107535+00:00,2026-07-17,success,105,6311,25dad72fc042f20ba2138613cbd2c40b5bfc28357ff4a47bfec640a461293ef2,,2026-07-17
2026-08-04T23:53:52.108046+00:00,2026-07-18,success,106,6331,77487157775fcadfb43da539a788619043ecba151e0b2dcae65bf77b506e7112,,2026-07-18
2026-07-28 16:37:39.121345+00:00,2026-07-19,success,167.0,10154.0,2b4736cc42bed4cddadb9c21bb6dae1fc8eb31c2ec20118a8af52fb2845f2245,,2026-07-19
2026-08-04T23:53:52.108553+00:00,2026-07-19,success,167,9986,684f0a70cb617222a2c9cbf520e704727b777aa8bbb70b9c812ab540add37b39,,2026-07-19
2026-07-28 16:37:39.122831+00:00,2026-07-20,success,144.0,8727.0,da97a8412602c33b6291473576f06b3463548b3e60d9eef8f2a7b2149cfcfc48,,2026-07-20
2026-07-28 16:37:39.124671+00:00,2026-07-21,success,91.0,5606.0,215c56d5514b24443613ae8b30db1aa27aac06214f1c12a03a85f0ff47da7078,,2026-07-21
2026-07-28 16:37:39.126135+00:00,2026-07-22,success,162.0,9849.0,3eaa72095265f83ea045ec88c1ecdf54dbb7c16cf1253adecabc5ed50e27b9c5,,2026-07-22
2026-07-28 16:37:39.127824+00:00,2026-07-23,success,140.0,8566.0,ebea094065d1da0fe7ca3652ff29d658a04e0c2bdeec84901805a8df2f7af759,,2026-07-23
2026-07-26 21:03:58.383465+00:00,,failure,,,,"Could not download orders file: <urlopen error [WinError 10060] A connection attempt failed because the connected party did not properly respond after a period of time, or established connection failed because connected host has failed to respond>",2026-07-26
2026-07-28 16:37:39.129978+00:00,2026-07-26,success,101.0,6172.0,211afe606ef31230baa25cf9371bc12b9e2dfc9eb897056cb241e0d1bc0972fa,,2026-07-26
2026-07-27 14:47:23.749012+00:00,,failure,,,,"Could not download orders file: <urlopen error [WinError 10060] A connection attempt failed because the connected party did not properly respond after a period of time, or established connection failed because connected host has failed to respond>",2026-07-27
2026-07-28 16:37:39.132116+00:00,2026-07-27,success,98.0,6027.0,4ee1b71ad9dc5236c696ab1f9ac0fd3039be92625d458714d54614011af4ba23,,2026-07-27
2026-07-28 17:14:33.047487+00:00,,failure,,,,Unexpected columns in orders.csv.,2026-07-28
2026-07-28 17:20:05.132654+00:00,2026-07-28,success,101.0,6252.0,5711f4676998b10e354e7cb8f95def487e14c47fc7029ccd2ce1da13243f4f37,,2026-07-28
2026-07-29T13:47:54.932284+00:00,2026-07-29,success,133,8215,de0e6169339f91a1d8de7e7f0a2b67788b145ea641a89fce58070402b14af97f,,
2026-08-04T23:53:52.112391+00:00,2026-07-29,success,133,8081,90e014c705bab20e00ef67e7754a54dd9e5f4274d88eb33ffa318a09d79b9b61,,2026-07-29
2026-07-30T13:39:43.263677+00:00,2026-07-30,success,137,8516,38091ca11f286ae2791f35340cbd7b6ddda935e65337bb9cd2d33358ec8e70f2,,
2026-08-04T23:53:52.112915+00:00,2026-07-30,success,137,8378,bf1d905dfc12c116192e00e1c79a568faa94150778545197c3f6b380c603ae5b,,2026-07-30
2026-07-31T13:19:11.922711+00:00,2026-07-31,success,118,7314,5ad868c2f4919da53c91b4f59123231f0cfa2103091f801a465013d0f8d9d0bd,,
2026-08-02T15:34:22.166874+00:00,2026-08-01,success,112,6972,7147185bc0573e855655877487a2bc4cd7ee6d1968c5923291cc5537ad71c4b2,,
2026-08-02T15:35:18.248330+00:00,2026-08-02,success,117,7266,9f0e833df3e6cda30e4d7ed4ab2829500cbbfa38eca20ea505bd8276d7dd2801,,
2026-08-04T05:32:49.632203+00:00,2026-08-04,success,98,6104,35e6a2ecb71ed9a8ae2eed6e8f810bce525d5612f40ae38d1487acf8881ba43a,,2026-08-04
2026-08-05T16:22:22.494908+00:00,2026-08-05,success,155,9753,a9f5936b5ae688d0d485e8d3aa555f2aeaed4566b90ac324ddc6d4e073df534f,,2026-08-05
2026-08-06T14:49:15.427421+00:00,,failure,,,,Could not download orders file: HTTP Error 404: Not Found,2026-08-06
2026-08-07T17:05:35.192182+00:00,,failure,,,,Unexpected columns in orders.csv.,2026-08-07
2026-08-07T20:44:14.621734+00:00,2026-08-07,success,125,7754,7648bc89c3e22959aea0f99b97a3a7d225acc9d83fcf12eaf789dc321e5f2eea,,2026-08-07
2026-08-09T16:52:39.170292+00:00,2026-08-09,success,168,10348,ae28fb3741007edae3a9cf0d988d833f51bb400e98a34c12c58c25660565b063,,2026-08-09
